Legal Name of Your Company/Organisation,Website,Country (Base of Operation),"Geographical Coverage (e.g., Poland, EU-wide, Global)","Please describe all the services you can offer as an External Service Provider (ESP) to SMEs funded under the FIERCE programme via the Ideation Voucher, Scale-up Voucher, or Commercialisation Voucher described below. ",Ideation Projects | Voucher value: up to 25.000 EUR.,Scale-up Projects | Voucher value: up to 50.000 EUR,Commercialisation | Voucher value: up to 25.000 EUR
SENSORBITE P.S.A.,www.sensorbite.com,Poland,EU-wide,"
SENSORBITE supports SMEs in commercialising and scaling EO, geospatial and AI-driven solutions. We provide system integration (EO, GIS, IoT, API), MVP development and optimisation, scalability testing, and pilot deployments with institutional partners. We assist in product-market fit validation, partnership development, and preparation for acceleration and grant programmes (e.g., ESA, EU). Our services accelerate market entry and funding readiness by combining deep technical expertise with operational experience.","Technical | Feasibility study, Technical | Proof of concept / experiments, Business | Draft business model, Social / Environmental | Social needs research / studies, Funding & Financing | Co-design with key stakeholders, Funding & Financing | Apply for Research & Innovation grants","Technical | Lab testing, Technical | Industrial pilots / demonstrators, Technical | MVP development / improvement, Business | Market–product fit validation, Business | Key partnership development, Business | Early-stage business planning, Funding & Financing | Incubation or acceleration, Funding & Financing | Grants or non-equity funding","Technical | Full system integration, Technical | Scalability testing, Business | Partner & clientele development, Funding & Financing | Acceleration and grants"
Space Business Innovation Centre Noordwijk,https://www.sbicnoordwijk.nl/,Netherlands,Netherlands,"Space Business Innovation Centre (SBIC) Noordwijk supports space-business entrepreneurs in turning innovative space-based ideas into successful, scalable companies. We help startups validate markets, develop strong value propositions, and build commercially viable business models using space technologies and data — including, where relevant, Earth Observation (EO) and satellite data for downstream applications. Our support covers commercial and technical readiness, access to industry and ESA networks, and practical guidance on navigating the European space ecosystem.

We offer hands-on support with go-to-market strategy, customer and partner development, competitive positioning, and international business growth. We also prepare founders for investment through pitch training, business and financial planning, and introductions to ESA programmes, partners, and investors. Alongside this, founders receive personalised coaching to build confidence, sharpen decision-making, and accelerate their entrepreneurial journey.

By connecting startups to the right expertise, partners, and opportunities, SBIC Noordwijk helps space-driven ventures validate faster, scale smarter, and achieve commercial success in Europe’s growing space economy.","Technical | Proof of concept / experiments, Business | Market or competition study, Business | Draft business model, Business | Legal, IP, compliance support, Funding & Financing | Co-design with key stakeholders, Funding & Financing | Seed funding","Technical | MVP development / improvement, Business | Market–product fit validation, Business | Revenue stream validation, Business | Key partnership development, Business | Early-stage business planning, Business | Legal, IP, compliance support, Funding & Financing | Incubation or acceleration, Funding & Financing | Grants or non-equity funding","Business | Full business planning, Business | KPI establishment, Business | Partner & clientele development, Business | Legal, IP, compliance support, Funding & Financing | Investment from VCs or business angels, Funding & Financing | Acceleration and grants"
Astrobitit Technologies  LTD,astrobit.co.uk,United Kingdom,Global,"Software development, Embedded Systems, APIs, Platforms, Prototyping, Electronics engineering, PCB design, Python, Programming, Feasibility Study, Technical analysis, MVP development, Innovation, Space, Control Systems, Web Applications, C, C++","Technical | Feasibility study, Technical | Proof of concept / experiments, Funding & Financing | Co-design with key stakeholders","Technical | Lab testing, Technical | Industrial pilots / demonstrators, Technical | MVP development / improvement","Technical | Full system integration, Technical | Scalability testing"
CBO Consulting,www.cbo-consulting.eu,Belgium,EU-wide + Switzerland + Norway + UK + US + Canada,"As an experienced coach, mentor and consultant, I can mainly support companies on various business related topics (market assessment, partnerships, pilots, business development, finance and access to funding,...). I can also partially support some technical issues (depending on the specific topic), assess some IP and legal issues, and revise/check some ESG approaches.","Business | Market or competition study, Business | Draft business model, Funding & Financing | Co-design with key stakeholders, Funding & Financing | Apply for Research & Innovation grants, Funding & Financing | Seed funding","Business | Market–product fit validation, Business | Revenue stream validation, Business | Key partnership development, Business | Early-stage business planning, Funding & Financing | Incubation or acceleration, Funding & Financing | Grants or non-equity funding","Business | Full business planning, Business | KPI establishment, Business | Partner & clientele development, Funding & Financing | Investment from VCs or business angels, Funding & Financing | Acceleration and grants"
Dikalia,www.dikalia.com,Belgium,EU-wide+Switzerland +UK+Canada+US,"I support companies in developing and scaling sustainable and innovative business models. With a background as a lawyer, I bring over 20 years of experience in entrepreneurship, governance, and EU-funded innovation projects, helping teams transform their ideas into strong, market-ready solutions.
I support companies in shaping their ideas into viable solutions, defining their value proposition, identifying target markets, mapping partners, and integrating sustainability and ESG principles from the start. I also help them strengthen their business, governance, and organizational structure, and assist in building effective go-to-market strategies.","Business | Market or competition study, Business | Draft business model, Business | Legal, IP, compliance support, Social / Environmental | Lifecycle thinking, Funding & Financing | Co-design with key stakeholders, Funding & Financing | Apply for Research & Innovation grants, Funding & Financing | Seed funding","Business | Market–product fit validation, Business | Revenue stream validation, Business | Key partnership development, Business | Early-stage business planning, Business | Legal, IP, compliance support, Social / Environmental | Supply chain analysis / Life Cycle Assessment, Funding & Financing | Grants or non-equity funding","Business | Full business planning, Business | KPI establishment, Business | Partner & clientele development, Business | Legal, IP, compliance support, Social / Environmental | Socio-environmental strategy, Funding & Financing | Acceleration and grants"
Javier Benito Bilbao - DeepTech2Scale.com,https://deeptech2scale.com/,Spain,EU-wide and global,"DeepTech2Scale´s mission is empowering entrepreneurs, startups, scale‑ups, spin‑offs, new ventures and every stakeholder engaged in building deep‑technology enterprises. We recognise the unique challenge of bringing highly innovative companies to market, firms developing game‑changing, cutting‑edge technologies grounded in scientific research, advanced engineering and robust innovation. To support this, we offer a suite of curated strategic, tactical and operational services spanning Scalability and Exploitation advisory and support (Go‑To‑Market planning, commercialisation, business development, sales, etc). Our focus is squarely on enabling the leap from scientific/engineering breakthrough to real‑world impact, market adoption and long‑term scalability.

Exploitation & Path‑to‑Market Service: from Technology Readiness Level (TRL) 1 through TRL 9, we help you develop a comprehensive, market‑oriented strategy for exploiting R&D outcomes. We start at project inception by aligning innovation’s knowledge assets and anticipated use cases, and then build a tailored “path to market” journey that ensures exploitation, not just invention. Scalability is embedded throughout: we plan not only for initial entry, but for replicable deployment, growth and sustainable market expansion. Our aim is to turn scientific and technological advances into scalable, impactful products, services or platforms that succeed in the marketplace.",Business | Draft business model,"Business | Market–product fit validation, Business | Revenue stream validation, Business | Key partnership development, Business | Early-stage business planning","Business | Full business planning, Business | KPI establishment, Business | Partner & clientele development"
Nuria Carrillo Martin,https://drive.google.com/file/d/1BVeKzGsWQvK98iCDH0JSFbr9CxUSW3T1/view?usp=sharing,Spain,EU-wide,"I offer strategic and hands-on guidance to organisations and startups developing innovative solutions, helping them move from concept to market adoption with clarity and measurable results.

I collaborate with teams during key stages such as product validation, market entry and early expansion, ensuring alignment and well-defined milestones. I translate technology into concrete market opportunities, identifying differential advantages from an MVP and focusing on specific niches to engage early adopters. I conduct market opportunity and competitive landscape analyses, and support the design of sales funnels and playbooks to guide early customer acquisition. Together, we refine business models, design go-to-market approaches and establish the foundations for sustainable scalability.

I support teams in shaping realistic sales projections and financial scenarios adapted to different strategic paths and market dynamics, and in developing credible investment and exploitation plans. I also help secure public funding through European innovation programmes such as Horizon Europe, the EIC and Pre-Accelerator initiatives, guiding the preparation of competitive proposals. In addition, I deliver investment readiness services, supporting the design and execution of fundraising strategies with venture capital funds and other private investors.

I tailor my involvement to each organisation’s context, from intensive hands-on collaboration when facing near-term objectives or deadlines, to long-term advisory focused on positioning, capability building and sustainable impact. My aim is to provide the right balance between strategic perspective and operational execution, ensuring tangible progress at every stage.
","Technical | Feasibility study, Business | Market or competition study, Business | Draft business model, Business | Legal, IP, compliance support, Funding & Financing | Co-design with key stakeholders, Funding & Financing | Apply for Research & Innovation grants, Funding & Financing | Seed funding","Business | Market–product fit validation, Business | Revenue stream validation, Business | Key partnership development, Business | Early-stage business planning, Business | Legal, IP, compliance support, Funding & Financing | Incubation or acceleration, Funding & Financing | Grants or non-equity funding","Business | Full business planning, Business | KPI establishment, Business | Partner & clientele development, Social / Environmental | Socio-environmental strategy, Funding & Financing | Investment from VCs or business angels, Funding & Financing | Acceleration and grants"
CoreToBe S.r.l.,https://coretobe.com/,Italy,,"1. Sustainability Advisory
Consulting services to assess the social, environmental, and economic impacts of corporate activities. We support the integration of sustainability principles into business strategy, the definition of priorities, and the alignment with international standards and regulatory requirements.

2. Life Cycle Assessment (LCA)
Comprehensive evaluation of a product’s environmental impact across its entire life cycle, from raw material extraction and production to use and end-of-life.

3. Carbon Footprint
Measurement and management of greenhouse gas emissions, with tailored strategies to reduce climate impact and support corporate decarbonization objectives.

4. ESG Reporting & Assessment
Preparation of sustainability and ESG reports in compliance with CSRD and ESRS standards. The service is supported by our proprietary digital technology, enabling structured data collection, performance analysis, ESG rating evaluation, and the development of concise ESG disclosures (ESG Express) for organizations requiring streamlined or first-time reporting.","Social / Environmental | Social needs research / studies, Funding & Financing | Apply for Research & Innovation grants",Social / Environmental | Supply chain analysis / Life Cycle Assessment,Social / Environmental | Socio-environmental strategy
CoreToBe S.r.l.,https://coretobe.com/,Italy,,"1. Sustainability Advisory
Consulting services to assess the social, environmental, and economic impacts of corporate activities. We support the integration of sustainability principles into business strategy, the definition of priorities, and the alignment with international standards and regulatory requirements.

2. Life Cycle Assessment (LCA)
Comprehensive evaluation of a product’s environmental impact across its entire life cycle, from raw material extraction and production to use and end-of-life.

3. Carbon Footprint
Measurement and management of greenhouse gas emissions, with tailored strategies to reduce climate impact and support corporate decarbonization objectives.

4. ESG Reporting & Assessment
Preparation of sustainability and ESG reports in compliance with CSRD and ESRS standards. The service is supported by our proprietary digital technology, enabling structured data collection, performance analysis, ESG rating evaluation, and the development of concise ESG disclosures (ESG Express) for organizations requiring streamlined or first-time reporting.

5. Funding and Incentives for Sustainable and Innovative Projects
Support in identifying, applying for, and managing public funding and incentive schemes dedicated to sustainability and innovation. The service covers opportunity scouting, proposal development, project structuring, and compliant reporting, delivered through a tailored advisory approach.

6. Innovation Funding & Incentives 
Support in identifying and managing public funding and incentive schemes for innovation and sustainability projects, including opportunity scouting, proposal preparation, and reporting.","Social / Environmental | Social needs research / studies, Funding & Financing | Apply for Research & Innovation grants","Social / Environmental | Supply chain analysis / Life Cycle Assessment, Funding & Financing | Grants or non-equity funding",Social / Environmental | Socio-environmental strategy
Space4Good B.V.,https://www.space4good.com/,Netherlands,Global,"Space4Good is a team of more than twenty specialists working at the intersection of earth observation, environmental science and data analytics. Since 2017 we have completed more than seventy assignments in over eighty countries, working with startups, scaleups and large corporates. Much of our work focuses on helping organisations build and operate solutions that rely on downstream satellite data, predictive modelling and environmental monitoring. This experience allows us to support SMEs at different stages of developing and deploying their green solutions.

For SMEs at the ideation stage, we help explore how satellite data can strengthen or enable new products and services. This includes identifying relevant datasets, shaping technical concepts, running feasibility assessments and outlining prototype architectures that use Earth observation or predictive analytics.

For SMEs that are ready to scale, we provide geospatial analysis, algorithm development, environmental baselining and monitoring design. Our team can refine early prototypes, validate models, prepare training data, integrate new satellite sources and develop site-specific monitoring pipelines. We also support the design and testing of early warning indicators and nature-risk metrics.

For commercialisation, we help SMEs turn their concepts into reliable, operational services. This includes setting up automated data pipelines, improving performance and accuracy, building clear user-facing insights and supporting field validation. We also help translate geospatial analysis into decision-ready outputs for customers, investors or regulators, and advise on incorporating environmental reporting features aligned with emerging standards.

Besides our technical support, we also have business developers who help SMEs with the market-oriented elements of their projects. They support market and competition studies, the preparation of early business models, market–product fit validation and early-stage business planning. When SMEs move closer to commercialisation, our team can assist with partnership development and client outreach, helping them position their solution and connect with the right stakeholders. This complements our technical work and ensures that new green solutions are grounded in real market needs.","Technical | Feasibility study, Technical | Proof of concept / experiments, Business | Market or competition study, Business | Draft business model","Technical | Lab testing, Technical | Industrial pilots / demonstrators, Technical | MVP development / improvement, Business | Market–product fit validation, Business | Key partnership development, Business | Early-stage business planning","Technical | Full system integration, Technical | Scalability testing, Business | Partner & clientele development"
Building Blocks,https://buildingblocks.es/en,Spain,EU-wide and LATAM,"Services Offered as External Service Provider for FIERCE Programme
Comprehensive Technical Services for Space-Enabled Green Innovation

Building Blocks offers end-to-end technical services to support SMEs funded under the FIERCE programme's Ideation, Scale-up, and Commercialisation Vouchers in integrating downstream space data into sustainable business solutions.​

Software Development & System Integration
Our technical expertise encompasses the full development lifecycle for space-enabled applications, including custom software architecture design, API development for satellite data integration, cloud-based platform development using scalable technologies (Supabase, AWS), and enterprise-grade system integration connecting Earth Observation (EO) data streams with existing business processes. We specialize in building robust SaaS solutions that transform raw satellite data into actionable business intelligence.​

AI/ML Implementation for Space Data Analytics
We provide advanced artificial intelligence and machine learning services specifically tailored for downstream space applications, including development of predictive analytics models using satellite imagery, automated data processing pipelines for environmental monitoring, computer vision algorithms for EO data interpretation, and real-time decision support systems leveraging space-based insights. Our AI expertise enables SMEs to extract maximum value from complex satellite datasets for circularity, resource efficiency, and environmental impact reduction.​

Enterprise System Development
We deliver inventory management systems enhanced with satellite-based supply chain monitoring, fleet control software integrated with GPS/GNSS positioning data, stock management solutions incorporating space-based logistics optimization, and business process automation connecting space data to operational workflows. These solutions help SMEs reduce their environmental footprint through data-driven operational efficiency.​

Technical Architecture & Scalability Solutions
We design and implement scalable technical architectures using edge computing for distributed space data processing, database optimization for handling high-volume satellite data streams, microservices architecture for modular space-enabled applications, and security frameworks ensuring data integrity and compliance. Our architectural approach ensures solutions can grow from proof-of-concept to commercial deployment.​

Prototype Development & MVP Services
For SMEs in early ideation phases, we accelerate concept validation through rapid prototyping of space-enabled features, proof-of-concept development demonstrating technical feasibility, MVP development for market testing, and iterative development cycles incorporating user feedback. This approach aligns perfectly with FIERCE's goal of helping SMEs design, upscale, and commercialize green space-enabled solutions.​

Integration & Data Management
We provide seamless integration services connecting multiple space data sources (Copernicus, commercial satellites), data transformation and normalization services, real-time data pipeline development, and API gateway implementation for downstream service delivery. Our solutions ensure SMEs can efficiently access and utilize diverse satellite data streams for environmental applications.​","Technical | Feasibility study, Technical | Proof of concept / experiments","Technical | Industrial pilots / demonstrators, Technical | MVP development / improvement","Technical | Full system integration, Technical | Scalability testing"
Ecoloop srl SB,www.eco-loop.it,Italy,Eu,"EcoLoop provides specialized environmental consulting services to support SMEs funded under the FIERCE programme in integrating sustainability, life cycle thinking, and environmental performance improvement into their business models. As an External Service Provider, EcoLoop offers expertise in Life Cycle Assessment (LCA), environmental impact measurement, supply chain analysis, and sustainability strategy development to assist companies at different stages of the programme.

For Ideation Vouchers:
EcoLoop supports SMEs in exploring social and environmental innovation opportunities through lifecycle thinking, preliminary environmental assessments, materiality analysis, and definition of sustainability priorities. Services include high-level Carbon Footprint pre-assessments, identification of environmental hotspots, and guidance on integrating sustainability into early-stage business concepts.

For Scale-up Vouchers:
EcoLoop provides in-depth Life Cycle Assessments (ISO 14040/44), Product and Organizational Carbon Footprints (ISO 14067, ISO 14064), Environmental Product Declarations (EPD), and advanced supply chain environmental analyses. These services help SMEs quantify impacts, optimize processes, select lower-impact materials, and identify reduction strategies aligned with market and regulatory requirements.

For Commercialisation Vouchers:
EcoLoop assists SMEs in transforming environmental performance into market value by supporting environmental communication, sustainability reporting, EPD verification processes, and the development of data-driven messaging for clients, investors, and supply chain partners. EcoLoop also supports the integration of digital tools (IoT-based monitoring, data analysis) to improve transparency and product differentiation.","Social / Environmental | Lifecycle thinking, Funding & Financing | Co-design with key stakeholders",Social / Environmental | Supply chain analysis / Life Cycle Assessment,
Neuralio AI P.C.,https://neuralio.ai/,Greece,Global,"EAGLE – Geospatial AI for Change Detection and ESG Intelligence

EAGLE is Neuralio’s Geospatial AI platform for automated analysis of multi-spectral, radar, and high-resolution satellite imagery. It performs:
•	Change detection and anomaly tracking for construction and land development;
•	Infrastructure and asset monitoring, detecting degradation, encroachment, and expansion in energy and transport networks;
•	Agricultural mapping for crop health, soil moisture, and yield forecasting;
•	Environmental assessment for ESG reporting and sustainability audits.
Through agentic GeoAI, EAGLE introduces reasoning agents capable of contextual inference and adaptive analysis — transforming static imagery into continuous operational intelligence. 
Added Value: EAGLE delivers high-frequency situational awareness, enabling stakeholders to monitor ESG indicators, optimize agricultural operations, and ensure regulatory compliance in real time.

SenCore – Real-Time Sensor and Data Fusion for Operational Insight

SenCore acts as the integration backbone connecting EO data with on-ground, airborne, and IoT sensor streams. Its event-driven architecture provides unified situational awareness for dynamic environments such as industrial facilities, construction zones, and renewable energy sites. It enables:
•	Predictive maintenance through continuous monitoring of energy infrastructure;
•	Construction progress verification via sensor-EO data fusion;
•	Real-time anomaly detection for environmental and operational events.
Added Value: SenCore transforms fragmented sensor networks into a single, coherent intelligence layer. It enhances data timeliness and reliability for infrastructure operators, regulators, and investors managing high-value physical assets.

TRANSITION – Predictive Modeling and Climate-Aware Decision Support

TRANSITION provides the AI modeling and digital-twin layer of Neuralio’s ecosystem. It uses multi-level agent-based simulations to project how environmental, economic, and policy factors interact under changing climate and market conditions. Key applications include:
•	Climate impact forecasting for renewable energy, agriculture, and infrastructure planning;
•	Land-use and resource optimization under variable climate and policy scenarios;
•	Spatial finance and ESG risk modeling, quantifying exposure to climate and operational risks at the asset level.
Added Value: TRANSITION turns EO and economic data into predictive foresight, supporting financial institutions, regulators, and planners in long-term sustainability and investment strategy design.

Integrated Value Proposition

Together, EAGLE, SenCore, and TRANSITION form a unified analytical ecosystem that operationalizes EO data into decision intelligence across key sectors:
•	ESG & Spatial Finance: Quantifying climate risk, carbon performance, and asset-level sustainability;
•	Infrastructure & Construction: Monitoring asset integrity, development progress, and compliance;
•	Renewable Energy: Identifying optimal solar and wind sites, forecasting yield, and reducing downtime;
•	Agriculture: Enhancing crop productivity through precision EO analytics;
•	Climate Resilience: Anticipating weather-driven disruptions and guiding adaptation planning;
•	Change Detection: Enabling continuous national-scale monitoring of land, energy, and environmental assets.
","Technical | Feasibility study, Technical | Proof of concept / experiments, Funding & Financing | Co-design with key stakeholders, Funding & Financing | Apply for Research & Innovation grants, Funding & Financing | Seed funding","Technical | Lab testing, Technical | Industrial pilots / demonstrators, Technical | MVP development / improvement","Technical | Full system integration, Technical | Scalability testing, Funding & Financing | Acceleration and grants"
SoftCO2 SRL,https://co2later.com,Romania,EU-wide,Organizational Sustainability Reporting (based on VSME standard) and the Product Carbon Footprint for Manufacturing Companies.,"Technical | Feasibility study, Technical | Proof of concept / experiments, Business | Draft business model, Business | Legal, IP, compliance support, Funding & Financing | Co-design with key stakeholders, Funding & Financing | Apply for Research & Innovation grants, Funding & Financing | Seed funding","Technical | Industrial pilots / demonstrators, Technical | MVP development / improvement, Business | Market–product fit validation, Business | Revenue stream validation, Business | Key partnership development, Business | Early-stage business planning, Social / Environmental | Supply chain analysis / Life Cycle Assessment, Funding & Financing | Incubation or acceleration, Funding & Financing | Grants or non-equity funding","Technical | Full system integration, Technical | Scalability testing, Business | Partner & clientele development, Funding & Financing | Investment from VCs or business angels, Funding & Financing | Acceleration and grants"
LLcloud Ltd,https://www.llcloud.eu/,Bulgaria,Global,"LLcloud® (https://www.llcloud.eu/) - the multi-sensor cloud, is one of the few platforms in the world that allows multi-scale multi-sensor Earth Observation (EO), enabling seamless integration and joint analysis of EO, IoT, and wearable sensor data. The platform offers automated data uploaders from smartphone sensors (via the Phyphox and Strava apps), smartwatches, geo-tagged photos (via the photoSpot app, fully integrated with LLcloud), GoPro cameras, Air Quality (AQ) and other IoT sensors, Copernicus and other commercial satellites and drones, etc, and various software modules to jointly visualise and analyse different combinations of such multi-sensor data. LLcloud® has been used by over 20 clients and over 30 research pilots in downstream applications ranging from monitoring city infrastructure for planning and insurance services, air quality control and predictions in cities, climate adaptation and urban heat navigation, placemaking and city tour creation, location tracking in the mountains and in GNSS denied areas, terrain mapping, smart agriculture, etc. We can offer both the LLcloud platform as a service to allow selected FIERCE SMEs to combine and jointly analyse satellite data with other (aerial or ground) sensor data or provide fused data to them for their use case and application. 

In addition, for over 15 years, LLcloud's CEO and co-founder Dr Stavri Nikolov has been a regular mentor of startups in the Galileo Incubation Programme (formerly E-GNSS Accelerator), the Copernicus Accelerator, Copernicus hackathons, and CASSINI hackathons. He is also the founding director of Digital Spaces Living Lab (https://www.digitalspaces.info/) - one of the leading living labs in Europe, which has provided technology and business support and incubated more than 25 startups from across Europe and beyond and has conducted over 45 large-scale technology trials of novel products and services, many of which downstream applications using satellite and other data.
","Technical | Feasibility study, Technical | Proof of concept / experiments, Business | Market or competition study, Business | Draft business model, Business | Legal, IP, compliance support, Social / Environmental | Lifecycle thinking, Social / Environmental | Social needs research / studies","Technical | Industrial pilots / demonstrators, Technical | MVP development / improvement, Business | Market–product fit validation, Business | Revenue stream validation, Business | Key partnership development, Business | Early-stage business planning, Business | Legal, IP, compliance support, Social / Environmental | Stakeholder acceptance studies, Social / Environmental | Supply chain analysis / Life Cycle Assessment","Technical | Full system integration, Technical | Scalability testing, Business | Full business planning, Business | KPI establishment, Business | Partner & clientele development, Business | Legal, IP, compliance support"
Digital Spaces Living Lab,https://www.digitalspaces.info/,Bulgaria,Europe,"Digital Spaces Living Lab (https://www.digitalspaces.info/) is one of the leading living labs in Europe, which has provided technology and business support and incubated more than 25 startups from across Europe and beyond and has conducted over 45 large-scale technology trials of novel products and services, many of which downstream applications using satellite and other data. In the last 15 years DSLL has been one of the special partners of the European Satellite Navigation Competition and the Galileo Incubation programme, supporting and incubating the winner and finalists of the annual Galileo Living Lab Prize and other winners, including PanDia (Germany), PolarBearings (Germany), Epic Blue (Belgium), Sinebus (Italy), Arte Mapp (Germany), Tocsen (Germany), Sawcer (Spain), cleanSpot (Spain), Mosa-X (Germany), Safety Truck (UK), PPP WizLite (France), GoWalk (UK), TagStory (Norway), Ampido (Germany), SellNews (Germany), Vamos (Germany), Geo-Coupon (Taiwan), etc.

DSLL’s founding director Dr Stavri Nikolov has been a regular mentor of startups in the Galileo Incubation Programme (formerly E-GNSS Accelerator), the Copernicus Accelerator, Copernicus hackathons, and CASSINI hackathons. 

DSLL can offer selected FIERCE SMEs a range of design, technology (MVP development and validation) services and Living Lab trials with real users for their downstream application and services, as well as business services like business plan and strategy help, market and competition analysis, business model validation, product-market fit validation, and networking and partnerships.

DSLL is the creator of the LLcloud® (https://www.llcloud.eu/) multi-sensor cloud platform - one of the few platforms in the world that allows multi-scale multi-sensor Earth Observation (EO), enabling seamless integration and joint analysis of EO, IoT, and wearable sensor data. The platform offers automated data uploaders from smartphone sensors (via the Phyphox and Strava apps), smartwatches, geo-tagged photos (via the photoSpot app, fully integrated with LLcloud), GoPro cameras, Air Quality (AQ) and other IoT sensors, Copernicus and other commercial satellites and drones, etc, and various software modules to jointly visualise and analyse different combinations of such multi-sensor data. LLcloud® has been used by over 20 clients and over 30 research pilots in downstream applications ranging from monitoring city infrastructure for planning and insurance services, air quality control and predictions in cities, climate adaptation and urban heat navigation, placemaking and city tour creation, location tracking in the mountains and in GNSS denied areas, terrain mapping, smart agriculture, etc. We can offer both the LLcloud platform as a service to allow selected FIERCE SMEs to combine and jointly analyse satellite data with other (aerial or ground) sensor data or provide fused data to them for their use case and application. 

","Technical | Feasibility study, Technical | Proof of concept / experiments, Business | Market or competition study, Business | Draft business model, Business | Legal, IP, compliance support, Social / Environmental | Lifecycle thinking, Social / Environmental | Social needs research / studies, Funding & Financing | Co-design with key stakeholders","Technical | Industrial pilots / demonstrators, Technical | MVP development / improvement, Business | Revenue stream validation, Business | Key partnership development, Business | Early-stage business planning, Business | Legal, IP, compliance support, Social / Environmental | Stakeholder acceptance studies, Social / Environmental | Supply chain analysis / Life Cycle Assessment, Funding & Financing | Incubation or acceleration","Technical | Full system integration, Technical | Scalability testing, Business | Full business planning, Business | KPI establishment, Business | Partner & clientele development, Business | Legal, IP, compliance support, Social / Environmental | Socio-environmental strategy, Funding & Financing | Acceleration and grants"
Creative Space SRL,www.cspace.ro,Romania,"Romania, EU-wide possible","Creative Space is experience in developing GIS-based software solutions using Earth Observation (Sentinel2, Landsat) data for urban development and agriculture, including the monitoring of Urban Heat Islands.  We integrate historical and forecast weather and climate data (MeteoRomania Open Data, cds.copernicus.eu) with ground truth.  
We have delivered a toolkit for agriculutral inputs/outputs management for the Foundation Efficient Resources and Sustainable Agriculture in Romania as on-demand software, and we currently research the suitability of innovative crops on Romanian soil (Sweet potatoes, peanuts, cowpeas) through out exocrop.indecosoft.ro project based on climatic and weather historical and forcast data.
Wh have developed tools for Urban Heat Islands detection and LST enhancement up to 10m resolution) through integrate.indecosoft.ro as a research partner.
We can provide data processing services (on demand), software development including MVP, proof of concept or taylored solutions.  Licensing options varry from full ownership for the end-user, to shared or SaaS models.  ","Technical | Feasibility study, Technical | Proof of concept / experiments","Technical | Industrial pilots / demonstrators, Technical | MVP development / improvement","Technical | Full system integration, Technical | Scalability testing"
Baltic Satellite Service,www.forestradar.com,Latvia,Global,"Baltic Satellite Service (BSS) provides satellite and ML based forest and land-use intelligence through its cloud-native GeoHub platform, supporting SMEs in forestry, agriculture, utility, bioeconomy, and environmental services. GeoHub integrates, processes, and publishes EO, drone, LiDAR data, and other spatial data, delivers predictive models and offers ready-to-use dashboards via interoperable web and mobile interfaces. BSS also develops tailored applications and delivers specialized training in ML development, remote sensing, EO workflows, and data-driven decision-making.

BSS is excited to lead, support others and demonstrate how satellite data can be integrated into real-world sustainable business workflows by solving concrete operational problems and combining all additional datasets needed for reliable decision support. For instance, nature-risk assessment and mapping across agricultural or forest land portfolios, facility-level environmental monitoring, and compliance checks for fertilization and other regulatory standards—all showing how space data can directly address end-user needs and support greener, more efficient management.

Services BSS Offers to FIERCE Beneficiaries:
1) Technical Feasibility & Proof-of-Concept
Assessment of how EO and ML can solve specific forestry or agriculture challenges—such as disturbance detection, biomass estimation, operational planning, or nature-risk monitoring. Prototypes are quickly validated using satellite, drone, LiDAR, IoT, other spatial data sets on real forest stands or agricultural fields.

2) MVP Development for Forest & Agriculture Applications
Development and refinement of early product versions, including:
- automated clear-cut mapping
- parcel-level vegetation and time-series analytics
- bark beetle and pest detection
- thinning needs identification
- stand parameter estimation
- dashboards for forest managers and farmers
- mobile-friendly map tools for field crews
- and many others
All MVPs can be deployed and tested directly on GeoHub, fully integrated into SME workflows.

3)  Lab Testing & Model Validation
Algorithm validation using high-quality datasets from forest owners, agricultural producers, forest companies, and national inventories. Includes accuracy assessments for:
- stand parameters (species, height, diameter, biomass, stocking)
- disturbances (pests, wind, fire, excess water)
- agricultural field characteristics (water stress, excess moisture, border accuracy)

4) Industrial Pilots & Real-World Demonstrators - design and rollout of pilots with forest owners, land managers, forestry SMEs, and farmers.
BSS provides and supports ready-to-use forest monitoring services:
1. Clear-cut detection
2. Pest/disease & bark beetle monitoring
3. Windthrow, fire & excess water detection
4. Newly overgrown forest identification
5. Land-use & LULUCF change analysis
6. Stand-wise forest inventory parameter estimation
Results are delivered via GeoHub, APIs, or GIS-ready packages.

5) Full System Integration for Forestry & Agriculture Workflows
Integration of EO-based analytics into SME GIS systems (harvesting planning, risk management, certification, sustainability reporting).
Supports open standards (WMS, MVT, TMS, S3) for seamless adoption by forest and agriculture IT infrastructures.

6) Scalability Testing for Large Forest & Agriculture Estates
Performance optimisation for SMEs serving large landowners, timber companies, cooperatives, and farming groups. Includes multi-user access, fast rendering of large datasets, and automated regional-scale processing and large-scale analysis.

7) Training & Capacity Building
Expert training in remote sensing, ML-based monitoring, biomass analytics, and GeoHub-enabled workflows and operations. Supports SMEs developing green, data-driven services for sustainable forest management, precision agriculture, and circular bioeconomy applications.

8) Additional Capabilities for Forestry & Agriculture SMEs
- High-resolution drone data processing
- Integration of Sentinel-1/2, Planet, LiDAR, harvester, UAV datasets, IoT and other spatial data
- Biomass analytics and sustainability reporting
- Tools for remote stand assessment and pre-harvest valuation","Technical | Feasibility study, Technical | Proof of concept / experiments","Technical | Lab testing, Technical | Industrial pilots / demonstrators, Technical | MVP development / improvement","Technical | Full system integration, Technical | Scalability testing"
Sparkgeo Consulting Inc.,www.sparkgeo.com,Canada,Global,"Geospatial Consulting, Custom Geospatial Software Development and Data Science","Technical | Feasibility study, Technical | Proof of concept / experiments, Business | Draft business model","Technical | Industrial pilots / demonstrators, Technical | MVP development / improvement, Business | Revenue stream validation, Business | Early-stage business planning","Technical | Full system integration, Technical | Scalability testing, Business | Full business planning, Business | KPI establishment"
CNRS / Data Terra ,https://www.data-terra.org/,France,Global,"The Data Terra Research Institute (IR)  develops and operate a distributed digital infrastructure of data and services to observe, understand, and predict the history, functioning, and evolution of the Earth system in an integrated manner. It offers scientific communities, as well as public and private stakeholders, standardized, interoperable, and multi-source digital products and services based on data from multiple sources (satellites, in situ, soil, experiments, modeling) to discover, access, process, visualize, model, and combine data to address interdisciplinary scientific and societal challenges. Data Terra is structured around five thematic clusters and cross-cutting initiatives. Its services, designed according to the FAIR principles, integrate on-demand processing and multi-domain approaches, leveraging networked and distributed computing resources across the country.","Technical | Feasibility study, Technical | Proof of concept / experiments, Social / Environmental | Lifecycle thinking, Social / Environmental | Social needs research / studies, Funding & Financing | Co-design with key stakeholders, Funding & Financing | Apply for Research & Innovation grants","Technical | Lab testing, Technical | Industrial pilots / demonstrators, Technical | MVP development / improvement, Social / Environmental | Stakeholder acceptance studies, Social / Environmental | Supply chain analysis / Life Cycle Assessment","Technical | Full system integration, Technical | Scalability testing, Social / Environmental | Socio-environmental strategy"
CETMA - CENTRO DI RICERCHE EUROPEO DI TECNOLOGIE DESIGN E MATERIALI,www.cetma.it,Italy,Italy; EU-wide,"1)	Providing R&D expertise in developing eco-sustainable building products & testing services
•	Development, optimization, and prototyping of eco-sustainable materials and components made from waste-derived aggregates and binders.
•	Mix design of normal and lightweight concretes, fibre-reinforced concretes, nano-enhanced concretes, and Phase Changing Material (PCM) modified concretes.
•	Optimization of concrete properties (rheology, workability, density, compressive strength, durability, insulation).
•	Testing on building materials:
	Geometrical, mechanical and physical characterization of aggregates
	Physical and mechanical characterization of fresh and hardened concretes and mortars (compression strength, indirect tensile strength, elastic modulus, flexural strength)
	Mechanical testing of FRC beams and plates
	Pull-off and DSS test equipment for FRP reinforcement
	Environmental chamber (1000 l)
	Thermal Conductivity Test.
2) Polymeric and composites materials
•	Providing R&D expertise in developing advanced sustainable materials (e.g., bio-composites, recycled content) or designing more resource-efficient manufacturing processes.
•	Using advanced simulation tools (e.g., Finite Element Analysis, CFD) to model and predict the structural/thermal performance of an innovative materials or product before physical implementation.
•	Metal replacement: re-design a metallic component in order to use composites so decreasing the need of critical raw materials.
3) Supporting SMEs in applying in Horizon Europe calls for proposals
","Technical | Feasibility study, Technical | Proof of concept / experiments, Funding & Financing | Apply for Research & Innovation grants","Technical | Lab testing, Technical | Industrial pilots / demonstrators, Technical | MVP development / improvement","Technical | Full system integration, Technical | Scalability testing"
Geospatial Ventures Limited,www.geospatialventures.co.uk,United Kingdom,global,"GVL can help unlock the power of space technology to solve real-world business challenges.
We provide practical, commercially focused expertise in satellite navigation (GNSS), Earth Observation, InSAR, IoT, and data-fusion analytics—transforming complex space capabilities into accessible tools that drive growth, efficiency, and operational insight. Whether an SME is exploring new service lines, integrating location intelligence, improving asset monitoring, or validating a space-enabled business idea, GVL supports the full journey: opportunity discovery, technical design, feasibility studies, prototyping, trials, and scaling. Our knowledge spans both technical and commercial domains, making us a trusted partner for turning space innovation into tangible business value. We are experts in InSAR, SAR,low resolution and high resolution  EO, PNT and the integration of this data into dashboards, predictive analytics and conversion into business applications","Technical | Feasibility study, Technical | Proof of concept / experiments, Business | Market or competition study, Business | Draft business model, Social / Environmental | Social needs research / studies, Funding & Financing | Co-design with key stakeholders, Funding & Financing | Apply for Research & Innovation grants","Technical | Lab testing, Technical | Industrial pilots / demonstrators, Technical | MVP development / improvement, Business | Market–product fit validation, Business | Revenue stream validation, Business | Key partnership development, Business | Early-stage business planning, Social / Environmental | Stakeholder acceptance studies, Social / Environmental | Supply chain analysis / Life Cycle Assessment, Funding & Financing | Incubation or acceleration, Funding & Financing | Grants or non-equity funding","Technical | Full system integration, Technical | Scalability testing, Business | Full business planning, Business | KPI establishment, Business | Partner & clientele development, Social / Environmental | Socio-environmental strategy, Funding & Financing | Acceleration and grants"
"Faculty of Space Technologies, AGH University of Krakow",http://spacetech.agh.edu.pl,Poland,Global,"Assistance with end-to-end solution development, technical consulting regarding solution architecture, Machine Learning (ML), and data selection/curation. Expertise includes laboratory research (hyperspectral camera), drone systems with a 30-band hyperspectral camera, and in situ field research using the ASD FieldSpec spectroradiometer for measuring vegetation, soil, and water. Services also cover data calibration, integration, and comprehensive ETL processes.","Technical | Feasibility study, Technical | Proof of concept / experiments, Business | Market or competition study, Business | Draft business model, Business | Legal, IP, compliance support, Social / Environmental | Lifecycle thinking, Social / Environmental | Social needs research / studies, Funding & Financing | Co-design with key stakeholders, Funding & Financing | Apply for Research & Innovation grants, Funding & Financing | Seed funding","Technical | Lab testing, Technical | Industrial pilots / demonstrators, Technical | MVP development / improvement, Business | Market–product fit validation, Business | Revenue stream validation, Business | Key partnership development, Business | Early-stage business planning, Business | Legal, IP, compliance support, Social / Environmental | Stakeholder acceptance studies, Social / Environmental | Supply chain analysis / Life Cycle Assessment, Funding & Financing | Incubation or acceleration, Funding & Financing | Grants or non-equity funding","Technical | Full system integration, Technical | Scalability testing, Business | Full business planning, Business | KPI establishment, Business | Partner & clientele development, Business | Legal, IP, compliance support, Social / Environmental | Socio-environmental strategy, Funding & Financing | Investment from VCs or business angels, Funding & Financing | Acceleration and grants"
Geo Engine GmbH,https://www.geoengine.de/en/,Germany,,"Geo Engine GmbH offers services regarding geo data provisioning, time series and AI data processing, and user-centered data portals. For this, we bring and integrate our own open-source tool Geo Engine (www.geoengine.io). We also provide general consulting with respect to use cases and (data) product design, with a focus on remote sensing in general and biodiversity in particular.

Data Integration & Provisioning:
We provide SMEs with rapid access to open external data pools (e.g., Sentinel-2, ERA5, SRTM) and integrate their internal geodata into Geo Engine for uniform access. This accelerates the initial data preparation phase, allowing SMEs to focus on subject-specific issues and feasibility for a proof of concept or MVP based on EO-based services.
Example: custom locations & vegetation based on Sentinel-2

Data Processing & AI Pipelines:
We implement robust, reusable, and repeatable data and AI pipelines for processing complex geospatial data. Our expertise in geospatial time series processing helps transition innovative ideas into operational reality. Compared to simple scripting, this enables SMEs to transition more easily to a scalable service.
Example: monthly cloud-free aggregates of classified land types

Data Portal Development:
We design and build custom data portals (Web GIS, dashboards) to support either user access to data products or internal analysis and data visualization. For this, we use predefined components of our Web GIS toolbox. This helps SMEs provide data to their stakeholders more quickly.
Example: dashboard for vegetation data for the selection of property and year

General consulting:
We bring our experience in a great variety of projects with geo data in general, and biodiversity and environmental data in particular, to offer general consulting, ideation, risk management, and best practices.
Example: surface-sealing, weather effects on airports, ESG reporting","Technical | Feasibility study, Technical | Proof of concept / experiments","Technical | Industrial pilots / demonstrators, Technical | MVP development / improvement",Technical | Full system integration
Karen Ramírez Lázaro,https://www.linkedin.com/in/karenramirezlazaro/,Spain,EU-wide,"I'm an Innovation Consultant specialising in securing European Union funding for startups. My expertise lies in creating compelling grant proposals, nurturing successful business strategies, and refining compelling pitch decks.",Funding & Financing | Apply for Research & Innovation grants,"Business | Early-stage business planning, Funding & Financing | Grants or non-equity funding","Business | Full business planning, Business | KPI establishment, Funding & Financing | Acceleration and grants"
World from Space s.r.o.,https://worldfrom.space,Czech Republic,Global,"EO Development Services for MVPs & Pilots & Production

We build working EO prototypes fast—so you can validate anddevelop your concept without hiring a satellite data team. Focus on your customers and business development and don't reinvent the wheel.

What we deliver:
- MVPs
- Pilots
- Production greade applications

We can provide complete processing pipeline in selected cloud from raw satellite data to end-user ready outputs. Using free & commercial satellite imagery (multispectral, hyperspectral, SAR) climate data and other data sources. Trainning ML models & integrating them to production. API delivery.

Proven across use cases such as agriculture, forestry, biodiversity, air quallity, environment, urban, or emergency monitoring. Internal domain experts for use cases.

Space heritage (ESA missions), institutional users (World Bank, UN, EBRD). Weeks to prototype, not months.","Technical | Feasibility study, Technical | Proof of concept / experiments","Technical | Industrial pilots / demonstrators, Technical | MVP development / improvement","Technical | Full system integration, Technical | Scalability testing"
Composite Solutions Hungary Kft.,https://composite.hu,Hungary,,"We provide end-to-end software development, AI integration and Earth Observation (EO) data processing services to SMEs building space-data–enabled solutions. Our team develops robust, production-ready digital products, from early concept validation to scalable commercial systems.

Our service areas include:

1. Ideation & Concept Development (Ideation Voucher)
	•	Technical feasibility assessment for EO- and space-data–based solutions
	•	Definition of system architecture (web, API, cloud, microservices)
	•	Identification of relevant satellite datasets (e.g. Copernicus Sentinel)
	•	Rapid prototyping and Proof-of-Concept development
	•	Business and impact assessment support for space-enabled solutions

2. EO Data Processing & AI-based Modelling
	•	Satellite imagery preprocessing, cleaning, geospatial ETL workflows
	•	Time-series analysis and change detection (e.g. vegetation/land cover change, deforestation indicators)
	•	Machine Learning and AI model development for environmental monitoring
	•	Integration of EO data pipelines into SME products or internal systems
	•	Data visualisation and dashboards (maps, analytics, compliance reporting)

3. Custom Software Development (Scale-up Voucher)
	•	Full-stack web application development (Laravel + Vue/Inertia)
	•	Python-based microservices for geospatial and AI workloads
	•	API development and system integration
	•	Scalable backend architectures for operational EO data pipelines
	•	Automated reporting and compliance modules (e.g. sustainability, ESG, EUDR)

4. Productisation & Commercialisation Support (Commercialisation Voucher)
	•	MVP → market-ready product transformation
	•	Deployment on cloud or on-premise environments (Docker, containerised systems)
	•	Performance optimisation, monitoring and SLA-based operation support
	•	Security, GDPR and data-governance alignment
	•	Preparation of commercial packaging, licensing and service plans

5. Special Focus: EUDR Compliance Solutions

We develop satellite-based forest monitoring tools that support SMEs in meeting the EU Deforestation Regulation (EUDR) requirements, including:
	•	plot-level geolocation tracking,
	•	deforestation risk scoring,
	•	satellite-based verification reports,
	•	automated documentation for compliance audits.
","Technical | Feasibility study, Technical | Proof of concept / experiments, Business | Draft business model, Social / Environmental | Lifecycle thinking","Technical | Lab testing, Technical | Industrial pilots / demonstrators, Technical | MVP development / improvement, Business | Market–product fit validation, Business | Revenue stream validation, Business | Key partnership development, Business | Early-stage business planning","Technical | Full system integration, Technical | Scalability testing, Business | KPI establishment, Business | Partner & clientele development"
Wozify Engineering Group Kft,https://astro42.com,Hungary,Global,"Astro42 is a full-stack digital product development company specialised in providing services to the space industry. Most of our projects are centered around developing Earth Observation applications and geospatial solutions, usually incorporating machine learning, to provide solutions for problems on Earth.

We'll design and build your proof of concept/prototype, building your digital Earth Observation product zero-to-one, or improving / further developing your system.

You can count on us end-to-end with:
- Product strategy (target customer persona and position in the value chain)
- Product design (creating exceptional user experience through focused workshops, developing precise user flows and wireframes)
- Agile development (two-week sprints, frequent demos, short feedback loops)
- Continuous maintenance and operation of your infrastructure (optional)

Additionally, as we bring a decade of experience in building digital products customers actually love (not only in space), we don't just blindly follow your instructions. We help you identify customer problems and develop targeted solutions. ","Technical | Feasibility study, Technical | Proof of concept / experiments, Business | Market or competition study, Business | Draft business model","Technical | Lab testing, Technical | Industrial pilots / demonstrators, Technical | MVP development / improvement, Business | Market–product fit validation","Technical | Full system integration, Technical | Scalability testing"
Space Quo Vadis,space.quovadis@yahoo.com,France,EU wide,"Expertise& support concerning the choice and use of remote sensing data, from EU Copernicus missions as well as commercial ones. Covers optical, radar, infrared, hyperspectral, lidar and RF sensing (eavesdropping) + georeference open source information, as well as their merging.","Technical | Feasibility study, Technical | Proof of concept / experiments, Business | Market or competition study, Business | Draft business model","Technical | Lab testing, Technical | Industrial pilots / demonstrators, Technical | MVP development / improvement, Business | Market–product fit validation","Technical | Full system integration, Technical | Scalability testing, Business | KPI establishment"
Raw Materials Technological Center,https://ctmarmol.es/,Spain,Global,"CTM can provide services related to the life cycle of a mine and quarry, including systematic mapping using images and digital terrain models that allow to monitor the entire extraction process, development and research. This includes underground mining, where subsidence can be detected using radar interferometry. Regarding mineral exploration, CTM can combine geotechnical analysis with multispectral and hyperspectral images from various providers, as well as those acquired in-house using drones, tripods and laboratory equipment, to assess the raw materials present in deposits, waste rock dumps and tailings ponds. CTM can also provide results from EO for environmental, geological and hydrological risk assessments, raw material monitoring and can combine geophysical methods for subsurface investigation to analyze geological structure, locate significant ore layers, determine risks from slope instability or subsidence and conduct heritage studies. 
We also specialize in using EO for geological and mineralogical studies in agriculture, applying it to various crops to determine soil composition, which is essential for good agricultural practices and its relationship to vegetation. We also conduct vegetation studies in agriculture and forestry to analyze the different stages of plant growth and detect diseases.
","Technical | Feasibility study, Technical | Proof of concept / experiments","Technical | Lab testing, Technical | Industrial pilots / demonstrators, Technical | MVP development / improvement, Social / Environmental | Supply chain analysis / Life Cycle Assessment","Technical | Full system integration, Technical | Scalability testing"
Flanders Make vzw,www.flandersmake.be,Belgium,EU-wide,"Flanders Make is a research centre for industrial innovation, focussing on application-oriented research in various domains, like electrification, autonomous mobile applications, digitalisation, sustainable business models, etc. (www.flandersmake.be/en/technologies)","Technical | Feasibility study, Technical | Proof of concept / experiments, Business | Legal, IP, compliance support, Social / Environmental | Lifecycle thinking, Funding & Financing | Apply for Research & Innovation grants","Technical | Lab testing, Technical | Industrial pilots / demonstrators, Technical | MVP development / improvement, Business | Key partnership development, Business | Legal, IP, compliance support, Social / Environmental | Supply chain analysis / Life Cycle Assessment, Funding & Financing | Grants or non-equity funding","Technical | Full system integration, Technical | Scalability testing, Business | Legal, IP, compliance support, Funding & Financing | Acceleration and grants"
Planet Partners Sp. z o.o.,www.planetpartners.pl,Poland,"Poland, EU-Wide","1. Product positioning and storytelling 
- Workshops to clarify the unique value proposition of your project/product 
- Creation of key messages and a consistent brand story 
- Developing a product story that inspires and evokes emotion 
- Adapting the narrative to different audiences - from customers to investors 

2. Mentoring in communication for founders 
- Training in public speaking and self-presentation 
- Consultation on building a strong personal brand for founders 
- Support in media relations and building a professional online image 

3. International market entry strategy 
- Communication and market analysis of selected countries 
- Development of a strategy for product presence abroad 
- Adaptation of messages to the cultural specifics of the selected market 
- Support in establishing relationships with foreign partners and media 

4. Building a community around the product 
- Strategy for engaging the customer and tester communities 
- Moderation and management of different communication channels 
- Content creation, organisation of online events, collection and analysis of feedback 
- Support in building brand ambassadors 

5. Technical and product communication 
- Preparation of accessible technology and product descriptions for different audiences 
- Creation of product materials (case studies, success stories, etc.) 
- Support in the communication of the introduction of new solutions and changes 

6. Engaging with the innovation ecosystem 
- Mapping of key stakeholders in the startup ecosystem 
- Advising and brokering relationships with accelerators, investors, hubs, and research centers 
- Development of dedicated communication materials 

7. Workshops on image management in crisis 
- Identification of potential crises and communication risks 
- Development of crisis communication procedures and tools 
- Preparation of crisis manuals 
- Training and simulation of reactions to a crisis  

8. Analysis of the sector's communication potential (relevant, for example, at the pivot or product extension level) 
- Industry reports identifying communication opportunities and threats 
- Analysis of competition and current market narratives 
- Recommendations for effective brand positioning in the selected segment 

9. Assistance in cultivating B2B relationships 
- Development of communication strategies with potential corporate clients 
- Preparation of materials and expert content tailored to the B2B sector 
- Organisation of meetings, webinars, and events to support sales and networking 
- Construction of case studies, references, and portfolios to support the sales process ","Business | Market or competition study, Social / Environmental | Social needs research / studies","Business | Market–product fit validation, Business | Key partnership development, Business | Early-stage business planning","Business | Full business planning, Social / Environmental | Socio-environmental strategy"
Data Science Europe Kft.,https://www.datascienceeurope.ai/en,Hungary,EU-wide,"- AI Feasibility Study & PoC Design & PoC Implementation: Evaluate the technical feasibility of the top-priority use case, define the required data sources, and outline the methodology for a Proof of Concept (PoC).
- AI Use Case Identification: Conduct workshops and analysis to identify and prioritize high-impact AI/ML use cases that align with business objectives and growth targets (e.g., predictive maintenance, churn prediction, personalized recommendations).
- Custom AI MVP implementation and operation: Advanced Design and specify the technical details of Machine Learning (ML) models or AI algorithms, including feature engineering, model selection, and training methodology.
- MLOps (ML Operations) Strategy, Implementation: Consult on implementing MLOps principles to automate the deployment, monitoring, and retraining of the AI model, ensuring stability and performance at scale.
- Data Strategy & Assessment: Analyze the SME's current data infrastructure, data quality, and existing business processes to identify gaps and opportunities for AI implementation.","Technical | Feasibility study, Technical | Proof of concept / experiments","Technical | Lab testing, Technical | Industrial pilots / demonstrators, Technical | MVP development / improvement","Technical | Full system integration, Technical | Scalability testing"
Podkarpackie Centrum Innowacji Sp. z o.o.,www.pcinn.org,Poland,Poland,"We are developing scope of projects with univercities and research institutitions and for students. We offerr grants, external funds, acelerator services and maker space for early stage projectc from 1 - 6 TRL Level.  ","Technical | Feasibility study, Technical | Proof of concept / experiments, Business | Market or competition study, Business | Draft business model, Business | Legal, IP, compliance support, Social / Environmental | Lifecycle thinking, Social / Environmental | Social needs research / studies, Funding & Financing | Co-design with key stakeholders, Funding & Financing | Apply for Research & Innovation grants","Technical | Lab testing, Technical | MVP development / improvement, Business | Key partnership development, Social / Environmental | Stakeholder acceptance studies, Funding & Financing | Incubation or acceleration","Business | KPI establishment, Business | Partner & clientele development, Funding & Financing | Acceleration and grants"
28DIGITAL,www.28digital.eu,Greece,EU Wide,"Business case building and validation (market research, positioning, value proposition)
Go-to-market strategy and customer pipeline development
Sales enablement and commercial packaging
Fundraising readiness (pitch deck, financial story, investor mapping & coaching)
Partnering and corporate/public matchmaking
Exploitation and dissemination planning aligned with EU project expectations
Cross-border scaling support and ecosystem access
Founder/team scale-up training programmes (growth & fundraising preparedness)","Technical | Feasibility study, Technical | Proof of concept / experiments, Business | Market or competition study, Business | Draft business model, Business | Legal, IP, compliance support, Funding & Financing | Co-design with key stakeholders","Technical | MVP development / improvement, Business | Market–product fit validation, Business | Revenue stream validation, Business | Key partnership development, Business | Early-stage business planning, Business | Legal, IP, compliance support, Funding & Financing | Incubation or acceleration","Technical | Full system integration, Business | Full business planning, Business | KPI establishment, Business | Partner & clientele development, Business | Legal, IP, compliance support, Funding & Financing | Investment from VCs or business angels, Funding & Financing | Acceleration and grants"
TRE ALTAMIRA s.r.l.,https://site.tre-altamira.com/,Italy,Global,"Measure deformation from millimetres to metres over all mining surfaces, structures and assets without the installation of any in-situ equipment.","Technical | Feasibility study, Technical | Proof of concept / experiments","Technical | Industrial pilots / demonstrators, Technical | MVP development / improvement",
Remote Sensing Business Solutions SP Z O.O.,https://www.terraeye.co,Poland,Global,"TerraEye supports SMEs that want to design, validate, and scale solutions based on satellite / Earth Observation (EO) and geospatial data, with a focus on raw materials, climate risk, environmental monitoring, and ESG.

Under the Ideation Voucher, we help beneficiaries identify high-value EO use cases, assess data and technical feasibility (e.g. Copernicus and commercial satellites), and define a simple concept and roadmap (what to build first, key risks, and expected impact).

Under the Scale-up Voucher, we support prototype/MVP design, KPI definition, and validation. We help structure EO data pipelines, optimise existing workflows, and integrate outputs (maps, alerts, dashboards) into the SME’s tools (GIS, BI, operational systems), with sector-specific expertise in mining and land/environment monitoring.

Under the Commercialisation Voucher, we help turn pilots into products: define the service offering, pricing logic and cost structure, packaging (APIs, dashboards, reports), and go-to-market positioning. We co-design commercial pilots, interpret EO results for non-technical stakeholders, and connect EO indicators to ESG and sustainability narratives for customers and investors.","Technical | Feasibility study, Technical | Proof of concept / experiments, Social / Environmental | Lifecycle thinking, Social / Environmental | Social needs research / studies, Funding & Financing | Co-design with key stakeholders, Funding & Financing | Apply for Research & Innovation grants","Technical | MVP development / improvement, Business | Market–product fit validation, Business | Revenue stream validation, Business | Key partnership development, Business | Early-stage business planning, Social / Environmental | Stakeholder acceptance studies, Social / Environmental | Supply chain analysis / Life Cycle Assessment, Funding & Financing | Incubation or acceleration, Funding & Financing | Grants or non-equity funding","Technical | Full system integration, Technical | Scalability testing, Business | Full business planning, Business | KPI establishment, Business | Partner & clientele development, Business | Legal, IP, compliance support, Social / Environmental | Socio-environmental strategy, Funding & Financing | Investment from VCs or business angels, Funding & Financing | Acceleration and grants"
stichting dotSPACE,www.groundstation.space,Netherlands,Netherlands (EU-wide reach),"DotSPACE empowers SMEs to turn space-enabled ideas into real-world impact.
We guide innovators from concept to market.
In the ideation phase, we help shape ideas, assess feasibility, and identify the right space technologies and markets. 
As projects scale, we support prototype development, data integration, technical validation and assessing funding opportunities and consortia building.
We provide hands-on mentoring in Earth Observation, AI, and geospatial workflows.
Through commercialisation support, we help SMEs understand markets, refine business models, and build go-to-market strategies.
We prepare teams for funding rounds /investment, strengthen their value proposition, and connect them with partners (consortia and industry partners).
DotSPACE combines technical expertise with a strong innovation ecosystem across sectors not only in the Netherlands but also on an EU scale.
We help SMEs accelerate growth and navigate the European space landscape. From spark to scale, dotSPACE stands beside innovators every step of the way.","Business | Market or competition study, Business | Draft business model, Funding & Financing | Co-design with key stakeholders, Funding & Financing | Apply for Research & Innovation grants, Funding & Financing | Seed funding","Business | Market–product fit validation, Business | Key partnership development, Business | Early-stage business planning, Social / Environmental | Stakeholder acceptance studies, Funding & Financing | Incubation or acceleration, Funding & Financing | Grants or non-equity funding","Business | Full business planning, Business | KPI establishment, Funding & Financing | Acceleration and grants"
Tampere Startup Support Association (Tampereen startuptukiyhdistys ry)),https://startupnation.fi/,Finland,"Finland, EU-Wide, Global","Startup Nation Finland supports SMEs across the entire innovation lifecycle, acting as a strategic innovation intermediary that accelerates ideation, technology development, scaling, and commercialisation. Through our multidisciplinary expertise and strong ecosystem networks, we offer high-impact services aligned with the Ideation Voucher, Scale-up Voucher, and Commercialisation Voucher.

Ideation Voucher Services
We help SMEs explore new business opportunities, generate innovative concepts, and assess early feasibility. Our services include structured ideation workshops, problem definition, solution hypothesis development, user need analysis, and innovation roadmapping. We conduct initial market and competitor research, technology scouting, and benchmarking to identify viable directions. We also support SMEs in outlining preliminary product concepts, functional requirements, and collaboration pathways with universities, research labs, and ecosystem partners.

Scale-up Voucher Services
We provide support in strengthening technology, product development, and organisational capabilities for SMEs preparing for growth. This includes TRL assessment and planning, prototype development guidance, and technical advisory across hardware, IoT and software. We help refine business models, develop go-to-market strategies, and create data-driven scaling plans. SMEs receive support with supply chain readiness, industrialization processes, certification roadmaps, and IP strategy. We also enable access to strategic partners, testbeds, pilots, and international innovation networks to accelerate scaling.

Commercialisation Voucher Services
We assist SMEs in bringing validated products and services to market and securing early customers. Our services cover commercialisation strategy development, pricing and revenue modelling, customer validation, pilot planning, and sales material preparation. We support SMEs in identifying anchor customers, preparing for negotiations, and structuring market entry in Finland, the Nordics, and international markets. We also provide investor readiness support, including pitch coaching, funding strategy advisory, and preparation of investment documentation. Additional services include branding, communication strategy, and digital marketing planning to drive market adoption.

Cross-Cutting Services
Across all voucher stages, we offer strong project management support, including workplan creation, stakeholder coordination, and reporting preparation. Our deep expertise spans wireless systems, 5G/6G, photonics, optics, robotics, AR/VR/XR, digital twins, hardware prototyping, drones/BVLOS, IoT, and embedded systems. We connect SMEs with universities, research institutes, corporates, investors, and European partners, enabling cross-border collaboration and expanded innovation opportunities.

Summary
Startup Nation Finland provides SMEs with a comprehensive, end-to-end innovation service offering—from early idea generation to full commercial market entry. Our approach combines technical expertise, strategic business guidance, and access to a strong innovation ecosystem to help SMEs funded under the FIERCE programme achieve measurable growth, scalability, and real-world impact.","Technical | Feasibility study, Technical | Proof of concept / experiments, Business | Market or competition study, Business | Draft business model, Social / Environmental | Lifecycle thinking, Social / Environmental | Social needs research / studies, Funding & Financing | Co-design with key stakeholders, Funding & Financing | Apply for Research & Innovation grants, Funding & Financing | Seed funding","Technical | Industrial pilots / demonstrators, Technical | MVP development / improvement, Business | Market–product fit validation, Business | Revenue stream validation, Business | Key partnership development, Business | Early-stage business planning, Social / Environmental | Stakeholder acceptance studies, Social / Environmental | Supply chain analysis / Life Cycle Assessment, Funding & Financing | Incubation or acceleration, Funding & Financing | Grants or non-equity funding","Technical | Scalability testing, Business | Full business planning, Business | KPI establishment, Business | Partner & clientele development, Social / Environmental | Socio-environmental strategy, Funding & Financing | Investment from VCs or business angels, Funding & Financing | Acceleration and grants"
RAIL SAS,https://www.kanop.io/,France,Global,"Kanop harnesses AI agents and satellite intelligence to de-risk nature-based investments, accelerate project development, and deliver precise climate and biodiversity impact measurements across ecosystems. We serve investors, project developers, and corporations through both our AI-powered platform and comprehensive end-to-end services.
Our solution tackles the critical measurement bottleneck that prevents scaling nature-based solutions. AI agents automatically analyze satellite imagery, radar, and LiDAR data to measure forest cover, biomass changes, biodiversity metrics, and carbon sequestration. When field measurements are available, the platform automatically calibrates satellite data to ensure scientific accuracy while cutting monitoring costs and timeframes dramatically.
We work across diverse applications: from assessing carbon project feasibility and suitability, to forecasting credit projections and monitoring restoration and protection initiatives, while also helping corporations track environmental impacts throughout their supply chains. Our capabilities support compliance with frameworks like Verra, Gold Standard, Isometric, Plan Vivo and regulations like TNFD, GHG Protocol, and CSRD.
","Technical | Feasibility study, Technical | Proof of concept / experiments","Technical | Lab testing, Technical | Industrial pilots / demonstrators, Technical | MVP development / improvement","Technical | Full system integration, Technical | Scalability testing"
constellr GmbH,https://www.constellr.com,Germany,Global,"constellr provides high-accuracy thermal infrared satellite data and thermal intelligence products for customers building solutions in security, infrastructure, climate resilience, and environmental monitoring. SMEs can access our operational land-surface temperature datasets (LSTprecision, LSTzoom, LSTfusion) to enable applications such as industrial activity monitoring, critical-infrastructure heat analysis, maritime and mobility insights, urban heat mapping, crop and vegetation stress detection, and environmental risk assessment.

Our support focuses on helping SMEs evaluate, integrate, and apply thermal data effectively across ideation, scale-up, and commercialisation - including guidance on data selection, API integration, and interpretation specific to their use case.","Technical | Feasibility study, Technical | Proof of concept / experiments","Technical | MVP development / improvement, Business | Market–product fit validation, Business | Key partnership development","Technical | Full system integration, Technical | Scalability testing"
Agile Innovative Manufacturing SRL,https://aim-space.com/,Romania,EU-wide,"AIM Space is a Center of Competence and Expertise in Satellite Data, Earth Observation (EO), and Synthetic Aperture Radar (SAR) analytics, offering specialised consultancy services that enable SMEs to design, build, and scale space-enabled solutions.
We provide advanced capabilities across the entire satellite data value chain—from mission selection and tasking strategies to automated processing pipelines, AI/ML analytics, and market deployment. Our services are eligible under the Ideation, Scale-up, and Commercialisation vouchers of the FIERCE Programme.","Technical | Feasibility study, Technical | Proof of concept / experiments, Business | Market or competition study, Business | Draft business model, Social / Environmental | Lifecycle thinking, Social / Environmental | Social needs research / studies, Funding & Financing | Co-design with key stakeholders, Funding & Financing | Apply for Research & Innovation grants","Technical | Lab testing, Technical | Industrial pilots / demonstrators, Technical | MVP development / improvement, Business | Market–product fit validation, Business | Revenue stream validation, Business | Key partnership development, Business | Early-stage business planning, Social / Environmental | Stakeholder acceptance studies, Social / Environmental | Supply chain analysis / Life Cycle Assessment, Funding & Financing | Incubation or acceleration, Funding & Financing | Grants or non-equity funding","Technical | Full system integration, Technical | Scalability testing, Business | Full business planning, Business | KPI establishment, Business | Partner & clientele development, Social / Environmental | Socio-environmental strategy, Funding & Financing | Acceleration and grants"
NOVANOV,www.novanov.fr,France,Global,"In an ever-changing world affected by climate emergencies and geopolitical issues, I support companies in adapting to new market conditions, developing their value propositions, devising innovative business models, and implementing sustainable commercial strategies. I also help them develop environmental strategies that align with the expectations of their stakeholders. Another of my specialities is securing EU funding for accelerating innovative projects.
- Low carbon innovation management
- Acceleration process
- Market studies / Tailored market insights and trends
- Opportunities in the space sector - matchmaking with space downstream service providers
- Strategic Partnerships
- CSRD strategy & reporting 
- Business modeling & Business Planning
- Navigating space incubation
- Find & Use EU funding","Business | Market or competition study, Business | Draft business model, Social / Environmental | Lifecycle thinking, Social / Environmental | Social needs research / studies, Funding & Financing | Co-design with key stakeholders, Funding & Financing | Apply for Research & Innovation grants","Technical | Industrial pilots / demonstrators, Business | Market–product fit validation, Business | Revenue stream validation, Business | Key partnership development, Business | Early-stage business planning, Social / Environmental | Stakeholder acceptance studies, Funding & Financing | Incubation or acceleration, Funding & Financing | Grants or non-equity funding","Business | Full business planning, Business | KPI establishment, Business | Partner & clientele development, Social / Environmental | Socio-environmental strategy, Funding & Financing | Acceleration and grants"
EarthPulse,earthpulse.ai,Spain,Global,"2.1.	Risk Assessment
•	Flood Risk
•	Drought Risk
•	Landslide Risk
•	Fire Risk
Each solution supports:
•	Integration with early warning systems for real-time alerts.
•	Simulation of what-if scenarios using climate pathways (e.g. IPCC scenarios) to estimate future risk evolution and business impact.
Our physical risk models based in earth observation data can be integrated as a quantitative and a georeferenced evidence in sustainability reports, facilitating policy compliance under the directive CSRD, the ESRS standards and the ESG strategies.
2.2.	Sustainability Compliance
•	EUDR Compliance: Forest monitoring aligned with the EU Regulation on Deforestation-free Products.
•	Biomass Estimation: Calculation of forest carbon absorption (CO₂ equivalent) using satellite-derived biomass models.
2.3.	Asset Monitoring
•	Water Quality: Monitoring of reservoirs for parameters like turbidity or bloom risk.
•	Vegetation Interference: Detection of vegetation growth near critical infrastructure such as power lines.
•	Water Leak Detection: Identification of areas with elevated risk of leakage in potable water networks.
2.4.	Business Intelligence
•	Site Viability Analysis: Support for strategic planning and siting of new infrastructure or facilities.
•	Road Safety Indicators: Road segments risk scoring considering network complexity, traffic, weather and other variables,  for:
o	Insurance pricing based on vehicle routes
o	Patrol or maintenance route optimization for road operators","Technical | Feasibility study, Technical | Proof of concept / experiments","Technical | Lab testing, Technical | Industrial pilots / demonstrators, Technical | MVP development / improvement, Business | Key partnership development","Technical | Full system integration, Technical | Scalability testing, Business | KPI establishment"
Sylva Germany UG,sylva.earth,Germany,Global,"Technical development of Earth Observation offers, including machine learning, AI, and the service architecture. Carbon and biodiversity monitoring. Integration of in situ data, specifically machine vision for drone and smartphone data. ","Technical | Feasibility study, Technical | Proof of concept / experiments, Funding & Financing | Co-design with key stakeholders, Funding & Financing | Apply for Research & Innovation grants, Funding & Financing | Seed funding","Technical | Industrial pilots / demonstrators, Technical | MVP development / improvement, Business | Market–product fit validation, Social / Environmental | Supply chain analysis / Life Cycle Assessment, Funding & Financing | Incubation or acceleration, Funding & Financing | Grants or non-equity funding","Technical | Full system integration, Business | KPI establishment, Funding & Financing | Investment from VCs or business angels, Funding & Financing | Acceleration and grants"
Verhaert New Products and Services NV,https://verhaert.com/,Belgium,Global,"Verhaert can support FIERCE beneficiaries with end-to-end innovation services across technical, business and market development. We help SMEs integrate space data into robust green solutions through feasibility studies, prototyping and system design. Our team accelerates commercial readiness with business modelling, market analysis and go-to-market strategy. We provide hands-on coaching, mentoring and capability building to strengthen execution. Verhaert also guides scaling through design-for-manufacture and pilot planning. With a track record of supporting 3,000+ European SMEs, we offer proven acceleration expertise. Our deep space and sustainability knowledge ensures solutions achieve real environmental impact. Our pan-European network enables strong matchmaking and ecosystem access for FIERCE innovators.","Technical | Feasibility study, Technical | Proof of concept / experiments, Business | Market or competition study, Business | Draft business model, Social / Environmental | Lifecycle thinking, Funding & Financing | Co-design with key stakeholders, Funding & Financing | Seed funding","Technical | Industrial pilots / demonstrators, Technical | MVP development / improvement, Business | Market–product fit validation, Business | Revenue stream validation, Business | Key partnership development, Business | Early-stage business planning, Social / Environmental | Stakeholder acceptance studies, Social / Environmental | Supply chain analysis / Life Cycle Assessment, Funding & Financing | Incubation or acceleration, Funding & Financing | Grants or non-equity funding","Technical | Full system integration, Technical | Scalability testing, Business | Full business planning, Business | KPI establishment, Business | Partner & clientele development, Funding & Financing | Investment from VCs or business angels, Funding & Financing | Acceleration and grants"
UIV Urban Innovation Vienna GmbH,www.urbaninnovation.at,Austria,,abc,"Technical | Feasibility study, Technical | Proof of concept / experiments, Social / Environmental | Social needs research / studies, Funding & Financing | Co-design with key stakeholders, Funding & Financing | Apply for Research & Innovation grants","Technical | Lab testing, Technical | MVP development / improvement, Business | Market–product fit validation, Business | Key partnership development, Social / Environmental | Stakeholder acceptance studies, Social / Environmental | Supply chain analysis / Life Cycle Assessment, Funding & Financing | Grants or non-equity funding","Business | KPI establishment, Business | Partner & clientele development, Social / Environmental | Socio-environmental strategy"
N3XTCODER,https://n3xtcoder.org/,Germany,EU-wide,N3XTCODER provides Consulting and Hands-On Support.,"Technical | Feasibility study, Technical | Proof of concept / experiments, Business | Market or competition study, Business | Draft business model, Business | Legal, IP, compliance support, Social / Environmental | Lifecycle thinking, Social / Environmental | Social needs research / studies, Funding & Financing | Co-design with key stakeholders, Funding & Financing | Apply for Research & Innovation grants, Funding & Financing | Seed funding","Technical | Lab testing, Technical | Industrial pilots / demonstrators, Technical | MVP development / improvement, Business | Market–product fit validation, Business | Revenue stream validation, Business | Key partnership development, Business | Early-stage business planning, Business | Legal, IP, compliance support, Social / Environmental | Stakeholder acceptance studies, Social / Environmental | Supply chain analysis / Life Cycle Assessment, Funding & Financing | Incubation or acceleration, Funding & Financing | Grants or non-equity funding","Technical | Full system integration, Technical | Scalability testing, Business | Full business planning, Business | KPI establishment, Business | Partner & clientele development, Business | Legal, IP, compliance support, Social / Environmental | Socio-environmental strategy, Funding & Financing | Investment from VCs or business angels, Funding & Financing | Acceleration and grants"
Stalowowolska Agencja Rozwoju Regionalnego Sp. z o.o. (Stalowa Wola Regional Development Agency Ltd.),www.starr.pl,Poland,Poland,"Stalowa Wola Regional Development Agency Ltd. can offer services as mentioned below of 3 categories: Ideation Projects, Scale-up Projects and Commercialisation.","Technical | Proof of concept / experiments, Business | Market or competition study, Business | Draft business model, Social / Environmental | Social needs research / studies, Funding & Financing | Co-design with key stakeholders","Technical | Lab testing, Technical | MVP development / improvement, Business | Key partnership development, Business | Early-stage business planning, Social / Environmental | Stakeholder acceptance studies, Funding & Financing | Incubation or acceleration, Funding & Financing | Grants or non-equity funding","Business | Partner & clientele development, Social / Environmental | Socio-environmental strategy, Funding & Financing | Acceleration and grants"
Fanny Robayo,www.bernabeucg.com,Spain,"UK, EU, Spain","Consulting Services, Technical, Business, Funding & Financing","Technical | Feasibility study, Business | Draft business model, Funding & Financing | Apply for Research & Innovation grants, Funding & Financing | Seed funding","Technical | Industrial pilots / demonstrators, Social / Environmental | Supply chain analysis / Life Cycle Assessment, Funding & Financing | Incubation or acceleration, Funding & Financing | Grants or non-equity funding","Technical | Scalability testing, Business | Full business planning, Funding & Financing | Acceleration and grants"
Octovus P.C.,https://octovus.ai/,Greece,Global,"AI-Driven Workflow Optimization, Custom AI Integrations, Sustainable Digital Transformation, Strategic AI Advisory & Training, Spin out new opportunities","Technical | Feasibility study, Technical | Proof of concept / experiments, Business | Market or competition study, Business | Draft business model, Funding & Financing | Co-design with key stakeholders","Technical | Lab testing, Technical | Industrial pilots / demonstrators, Technical | MVP development / improvement, Business | Revenue stream validation, Business | Key partnership development, Business | Early-stage business planning, Funding & Financing | Incubation or acceleration","Technical | Full system integration, Technical | Scalability testing, Business | Full business planning, Business | KPI establishment, Business | Partner & clientele development, Funding & Financing | Investment from VCs or business angels, Funding & Financing | Acceleration and grants"